id,name,model_id:id,group_id/id,operation,domain
access_aged_partner_balance_report_wizard,access_aged_partner_balance_report_wizard,model_aged_partner_balance_report_wizard,base.group_user,crud,
access_general_ledger_report_wizard,access_general_ledger_report_wizard,model_general_ledger_report_wizard,base.group_user,crud,
access_journal_ledger_report_wizard,access_journal_ledger_report_wizard,model_journal_ledger_report_wizard,base.group_user,crud,
access_open_items_report_wizard,access_open_items_report_wizard,model_open_items_report_wizard,base.group_user,crud,
access_trial_balance_report_wizard,access_trial_balance_report_wizard,model_trial_balance_report_wizard,base.group_user,crud,
access_vat_report_wizard,access_vat_report_wizard,model_vat_report_wizard,base.group_user,crud,
access_account_age_report_configuration,access_account_age_report_configuration,model_account_age_report_configuration,base.group_user,crud,
access_account_age_report_configuration_line,access_account_age_report_configuration_line,model_account_age_report_configuration_line,base.group_user,crud,
account_age_report_configuration_rule,Account age report configuration rule,model_account_age_report_configuration,,crud,"[('company_id', 'in', company_ids + [False])]"
